-- phpMyAdmin SQL Dump
-- version 4.9.0.1
-- https://www.phpmyadmin.net/
--
-- Host: 127.0.0.1
-- Waktu pembuatan: 16 Mar 2020 pada 08.17
-- Versi server: 10.4.6-MariaDB
-- Versi PHP: 7.3.9

SET SQL_MODE = "NO_AUTO_VALUE_ON_ZERO";
SET AUTOCOMMIT = 0;
START TRANSACTION;
SET time_zone = "+00:00";


/*!40101 SET @OLD_CHARACTER_SET_CLIENT=@@CHARACTER_SET_CLIENT */;
/*!40101 SET @OLD_CHARACTER_SET_RESULTS=@@CHARACTER_SET_RESULTS */;
/*!40101 SET @OLD_COLLATION_CONNECTION=@@COLLATION_CONNECTION */;
/*!40101 SET NAMES utf8mb4 */;

--
-- Database: `harga-pangan`
--

-- --------------------------------------------------------

--
-- Struktur dari tabel `monitoring_pangan`
--

CREATE TABLE `monitoring_pangan` (
  `id_monitoring_pangan` varchar(18) NOT NULL,
  `id_pasar` char(4) NOT NULL,
  `id_pangan` char(6) NOT NULL,
  `nip` bigint(18) NOT NULL,
  `tanggal` date NOT NULL DEFAULT current_timestamp(),
  `harga_sampel1` int(11) NOT NULL,
  `harga_sampel2` int(11) NOT NULL,
  `harga_sampel3` int(11) NOT NULL,
  `keterangan` varchar(150) DEFAULT NULL
) ENGINE=InnoDB DEFAULT CHARSET=latin1;

--
-- Dumping data untuk tabel `monitoring_pangan`
--

INSERT INTO `monitoring_pangan` (`id_monitoring_pangan`, `id_pasar`, `id_pangan`, `nip`, `tanggal`, `harga_sampel1`, `harga_sampel2`, `harga_sampel3`, `keterangan`) VALUES
('MPS01090320BMP001', 'PS01', 'BMP001', 196910062006041001, '2020-03-09', 54452, 435454, 54254, NULL),
('MPS01290220BMP001', 'PS01', 'BMP001', 196910062006041001, '2020-02-29', 1000, 2000, 3000, NULL),
('MPS01290220BMP002', 'PS01', 'BMP002', 196910062006041001, '2020-02-29', 4000, 5000, 8000, NULL),
('MPS01290220BMP003', 'PS01', 'BMP003', 196910062006041001, '2020-02-29', 2000, 3000, 5000, NULL),
('MPS01290220BMP004', 'PS01', 'BMP004', 196910062006041001, '2020-02-29', 453534, 43534, 534534, NULL),
('MPS01290220BMP005', 'PS01', 'BMP005', 196910062006041001, '2020-02-29', 345435, 435345, 43543, NULL),
('MPS01290220BMP006', 'PS01', 'BMP006', 196910062006041001, '2020-02-29', 45345, 4453454, 64565, NULL),
('MPS01290220BMP007', 'PS01', 'BMP007', 196910062006041001, '2020-02-29', 564, 5465, 346436, NULL),
('MPS01290220BMP008', 'PS01', 'BMP008', 196910062006041001, '2020-02-29', 34634, 6436, 436464, NULL),
('MPS01290220BMP009', 'PS01', 'BMP009', 196910062006041001, '2020-02-29', 46346, 4643, 6346346, NULL),
('MPS01290220BMP010', 'PS01', 'BMP010', 196910062006041001, '2020-02-29', 6346346, 464, 43643, NULL),
('MPS01290220BMP011', 'PS01', 'BMP011', 196910062006041001, '2020-02-29', 43634, 64634, 64364346, NULL),
('MPS01290220BMP012', 'PS01', 'BMP012', 196910062006041001, '2020-02-29', 4643643, 643643, 6463, NULL),
('MPS01290220BMP013', 'PS01', 'BMP013', 196910062006041001, '2020-02-29', 346436, 4364364, 4643643, NULL),
('MPS01290220BMP014', 'PS01', 'BMP014', 196910062006041001, '2020-02-29', 4634634, 4634634, 4643634, NULL),
('MPS01290220BMP015', 'PS01', 'BMP015', 196910062006041001, '2020-02-29', 346346436, 6346436, 346436, NULL),
('MPS01290220BMP016', 'PS01', 'BMP016', 196910062006041001, '2020-02-29', 464634, 464, 464443, NULL),
('MPS02290220BMP001', 'PS02', 'BMP001', 196910062006041001, '2020-02-29', 3000, 7000, 9000, ''),
('MPS02290220BMP002', 'PS02', 'BMP002', 196910062006041001, '2020-02-29', 8000, 9000, 8000, ''),
('MPS02290220BMP003', 'PS02', 'BMP003', 196910062006041001, '2020-02-29', 8000, 9000, 6000, ''),
('MPS02290220BMP004', 'PS02', 'BMP004', 196910062006041001, '2020-02-29', 543534, 5435, 543543, NULL),
('MPS02290220BMP005', 'PS02', 'BMP005', 196910062006041001, '2020-02-29', 3453453, 43543, 54543543, NULL),
('MPS02290220BMP006', 'PS02', 'BMP006', 196910062006041001, '2020-02-29', 543534, 534543, 5345435, NULL),
('MPS02290220BMP007', 'PS02', 'BMP007', 196910062006041001, '2020-02-29', 354345, 654645, 45654, NULL),
('MPS02290220BMP008', 'PS02', 'BMP008', 196910062006041001, '2020-02-29', 657657, 5657453, 453654, NULL),
('MPS02290220BMP009', 'PS02', 'BMP009', 196910062006041001, '2020-02-29', 5636, 5654, 45645, NULL),
('MPS02290220BMP010', 'PS02', 'BMP010', 196910062006041001, '2020-02-29', 4565465, 56546, 54654, NULL),
('MPS02290220BMP011', 'PS02', 'BMP011', 196910062006041001, '2020-02-29', 546456, 46456, 54654, NULL),
('MPS02290220BMP012', 'PS02', 'BMP012', 196910062006041001, '2020-02-29', 654654, 654654, 546546, NULL),
('MPS02290220BMP013', 'PS02', 'BMP013', 196910062006041001, '2020-02-29', 6546546, 54654, 654654, NULL),
('MPS02290220BMP014', 'PS02', 'BMP014', 196910062006041001, '2020-02-29', 654645, 45645, 6456456, NULL),
('MPS02290220BMP015', 'PS02', 'BMP015', 196910062006041001, '2020-02-29', 436436, 43643, 43634, NULL),
('MPS02290220BMP016', 'PS02', 'BMP016', 196910062006041001, '2020-02-29', 54654, 654654, 6546456, NULL),
('MPS03290220BMP001', 'PS03', 'BMP001', 196910062006041001, '2020-02-29', 3000, 6000, 8000, NULL),
('MPS03290220BMP002', 'PS03', 'BMP002', 196910062006041001, '2020-02-29', 8000, 9000, 7000, NULL),
('MPS03290220BMP003', 'PS03', 'BMP003', 196910062006041001, '2020-02-29', 7000, 9000, 7000, NULL),
('MPS03290220BMP004', 'PS03', 'BMP004', 196910062006041001, '2020-02-29', 6000, 6000, 8000, NULL),
('MPS03290220BMP005', 'PS03', 'BMP005', 196910062006041001, '2020-02-29', 8000, 7000, 8000, NULL),
('MPS03290220BMP006', 'PS03', 'BMP006', 196910062006041001, '2020-02-29', 7000, 8000, 9000, NULL),
('MPS03290220BMP007', 'PS03', 'BMP007', 196910062006041001, '2020-02-29', 8000, 9000, 5000, NULL),
('MPS03290220BMP008', 'PS03', 'BMP008', 196910062006041001, '2020-02-29', 7000, 8000, 9000, NULL),
('MPS03290220BMP009', 'PS03', 'BMP009', 196910062006041001, '2020-02-29', 9000, 8000, 7000, NULL),
('MPS03290220BMP010', 'PS03', 'BMP010', 196910062006041001, '2020-02-29', 8000, 9000, 7000, NULL),
('MPS03290220BMP011', 'PS03', 'BMP011', 196910062006041001, '2020-02-29', 8000, 8000, 8000, NULL),
('MPS03290220BMP012', 'PS03', 'BMP012', 196910062006041001, '2020-02-29', 8000, 7000, 9000, NULL),
('MPS03290220BMP013', 'PS03', 'BMP013', 196910062006041001, '2020-02-29', 9000, 9000, 9000, NULL),
('MPS03290220BMP014', 'PS03', 'BMP014', 196910062006041001, '2020-02-29', 9000, 9000, 9000, NULL),
('MPS03290220BMP015', 'PS03', 'BMP015', 196910062006041001, '2020-02-29', 9800, 9000, 8000, NULL),
('MPS03290220BMP016', 'PS03', 'BMP016', 196910062006041001, '2020-02-29', 8000, 7000, 5000, NULL),
('MPS04290220BMP001', 'PS04', 'BMP001', 196910062006041001, '2020-02-29', 3000, 2000, 7000, NULL),
('MPS04290220BMP002', 'PS04', 'BMP002', 196910062006041001, '2020-02-29', 8000, 7000, 8000, NULL),
('MPS04290220BMP003', 'PS04', 'BMP003', 196910062006041001, '2020-02-29', 8000, 5000, 4000, NULL),
('MPS04290220BMP004', 'PS04', 'BMP004', 196910062006041001, '2020-02-29', 6000, 8000, 8000, NULL),
('MPS04290220BMP005', 'PS04', 'BMP005', 196910062006041001, '2020-02-29', 7000, 7000, 8500, NULL),
('MPS04290220BMP006', 'PS04', 'BMP006', 196910062006041001, '2020-02-29', 7000, 8000, 9000, NULL),
('MPS04290220BMP007', 'PS04', 'BMP007', 196910062006041001, '2020-02-29', 5600, 9000, 9000, NULL),
('MPS04290220BMP008', 'PS04', 'BMP008', 196910062006041001, '2020-02-29', 7000, 8000, 8000, NULL),
('MPS04290220BMP009', 'PS04', 'BMP009', 196910062006041001, '2020-02-29', 6000, 8000, 9000, NULL),
('MPS04290220BMP010', 'PS04', 'BMP010', 196910062006041001, '2020-02-29', 7000, 8000, 9000, NULL),
('MPS04290220BMP011', 'PS04', 'BMP011', 196910062006041001, '2020-02-29', 8000, 6600, 8000, NULL),
('MPS04290220BMP012', 'PS04', 'BMP012', 196910062006041001, '2020-02-29', 5000, 7000, 9000, NULL),
('MPS04290220BMP013', 'PS04', 'BMP013', 196910062006041001, '2020-02-29', 8000, 9000, 6000, NULL),
('MPS04290220BMP014', 'PS04', 'BMP014', 196910062006041001, '2020-02-29', 9000, 6000, 9000, NULL),
('MPS04290220BMP015', 'PS04', 'BMP015', 196910062006041001, '2020-02-29', 8000, 7000, 6000, NULL),
('MPS04290220BMP016', 'PS04', 'BMP016', 196910062006041001, '2020-02-29', 5000, 5000, 4000, NULL);

-- --------------------------------------------------------

--
-- Struktur dari tabel `pangan`
--

CREATE TABLE `pangan` (
  `id_pangan` char(6) NOT NULL,
  `nama_pangan` varchar(50) NOT NULL,
  `satuan` varchar(50) NOT NULL
) ENGINE=InnoDB DEFAULT CHARSET=latin1;

--
-- Dumping data untuk tabel `pangan`
--

INSERT INTO `pangan` (`id_pangan`, `nama_pangan`, `satuan`) VALUES
('BMP001', 'Beras Premium', 'Kg'),
('BMP002', 'Beras Medium', 'Kg'),
('BMP003', 'Beras Termurah', 'Kg'),
('BMP004', 'Minyak Goreng Curah', 'Liter'),
('BMP005', 'Minyak Goreng Kemasan', 'Liter'),
('BMP006', 'Gula Pasir', 'Kg'),
('BMP007', 'Terigu', 'Kg'),
('BMP008', 'Daging Sapi', 'Kg'),
('BMP009', 'Daging Ayam', 'Kg'),
('BMP010', 'Telur Ayam Ras', 'Kg'),
('BMP011', 'Cabe Keriting', 'Kg'),
('BMP012', 'Cabe Rawit', 'Kg'),
('BMP013', 'Bawang Merah', 'Kg'),
('BMP014', 'Bawang Putih (Bongol)', 'Kg'),
('BMP015', 'Kacang Kedelai', 'Kg'),
('BMP016', 'Jagung', 'Kg');

-- --------------------------------------------------------

--
-- Struktur dari tabel `pasar`
--

CREATE TABLE `pasar` (
  `id_pasar` char(4) NOT NULL,
  `nip` bigint(18) NOT NULL,
  `nama_pasar` varchar(50) NOT NULL
) ENGINE=InnoDB DEFAULT CHARSET=latin1;

--
-- Dumping data untuk tabel `pasar`
--

INSERT INTO `pasar` (`id_pasar`, `nip`, `nama_pasar`) VALUES
('PS01', 196910062006041005, 'Pasar Baru Karawang'),
('PS03', 196910062006041005, 'Pasar Cilamaya'),
('PS04', 196910062006041005, 'Pasar Johar');

-- --------------------------------------------------------

--
-- Struktur dari tabel `user`
--

CREATE TABLE `user` (
  `nip` bigint(18) NOT NULL,
  `password` varchar(32) NOT NULL,
  `nama_petugas` varchar(50) NOT NULL,
  `alamat` varchar(150) NOT NULL,
  `no_telpon` varchar(15) NOT NULL,
  `level` enum('admin','petugas','kasubag') NOT NULL
) ENGINE=InnoDB DEFAULT CHARSET=latin1;

--
-- Dumping data untuk tabel `user`
--

INSERT INTO `user` (`nip`, `password`, `nama_petugas`, `alamat`, `no_telpon`, `level`) VALUES
(196910062006041001, 'c4ca4238a0b923820dcc509a6f75849b', 'Muhammad Anwar', 'Karawang', '0838123456789', 'admin'),
(196910062006041002, 'c4ca4238a0b923820dcc509a6f75849b', 'Ir. A. Ibrahim', 'Karawang', '0856121314151', 'kasubag'),
(196910062006041003, 'c4ca4238a0b923820dcc509a6f75849b', 'Bambang Pamungkas', 'karawang', '0800000004321', 'petugas'),
(196910062006041004, 'c4ca4238a0b923820dcc509a6f75849b', 'Cucu Cahyati', 'karawang', '0800000005678', 'petugas'),
(196910062006041005, 'c4ca4238a0b923820dcc509a6f75849b', 'Dadang Nurdjaman', 'karawang', '0838383838383', 'petugas');

--
-- Indexes for dumped tables
--

--
-- Indeks untuk tabel `monitoring_pangan`
--
ALTER TABLE `monitoring_pangan`
  ADD PRIMARY KEY (`id_monitoring_pangan`);

--
-- Indeks untuk tabel `pangan`
--
ALTER TABLE `pangan`
  ADD PRIMARY KEY (`id_pangan`);

--
-- Indeks untuk tabel `pasar`
--
ALTER TABLE `pasar`
  ADD PRIMARY KEY (`id_pasar`);

--
-- Indeks untuk tabel `user`
--
ALTER TABLE `user`
  ADD PRIMARY KEY (`nip`);
COMMIT;

/*!40101 SET CHARACTER_SET_CLIENT=@OLD_CHARACTER_SET_CLIENT */;
/*!40101 SET CHARACTER_SET_RESULTS=@OLD_CHARACTER_SET_RESULTS */;
/*!40101 SET COLLATION_CONNECTION=@OLD_COLLATION_CONNECTION */;
